{"cameraMode":{"drawMode":0,"name":"Shaded","section":"Shading Mode"},"sceneLighting":false,"audioPlay":false,"sceneViewState":{"m_AlwaysRefresh":false,"showFog":true,"showSkybox":false,"showFlares":true,"showImageEffects":true,"showParticleSystems":true,"showVisualEffectGraphs":true,"m_FxEnabled":true},"in2DMode":false,"pivot":{"x":5.461239337921143,"y":1.9400739669799805,"z":0.12307608127593994},"rotation":{"x":-0.12035299092531204,"y":-0.7550326585769653,"z":0.14466536045074464,"w":-0.6281110048294067},"size":2.3321380615234377,"orthographic":false}